<?xml version="1.0" encoding="UTF-8"?>
<project-private xmlns="http://www.netbeans.org/ns/project-private/1">
    <editor-bookmarks xmlns="http://www.netbeans.org/ns/editor-bookmarks/2" lastBookmarkId="0"/>
    <open-files xmlns="http://www.netbeans.org/ns/projectui-open-files/2">
        <group>
            <file>file:/C:/Users/josep/Documents/NetBeansProjects/LiveCode/src/loginsystem/LoginUI.java</file>
            <file>file:/C:/Users/josep/Documents/NetBeansProjects/LiveCode/src/ModuleLeaderSystem/IndividualErrorUI.java</file>
            <file>file:/C:/Users/josep/Documents/NetBeansProjects/LiveCode/src/Client/Client.java</file>
            <file>file:/C:/Users/josep/Documents/NetBeansProjects/LiveCode/src/StudentScreen/StudentUI.java</file>
            <file>file:/C:/Users/josep/Documents/NetBeansProjects/LiveCode/src/ModuleLeaderSystem/StaffUI.java</file>
            <file>file:/C:/Users/josep/Documents/NetBeansProjects/LiveCode/src/Assets/testingshite/leftOveCode.java</file>
            <file>file:/C:/Users/josep/Documents/NetBeansProjects/LiveCode/src/StudentScreen/IndividualStudentUI.java</file>
            <file>file:/C:/Users/josep/Documents/NetBeansProjects/LiveCode/src/SystemFiles/SystemSettings.java</file>
            <file>file:/C:/Users/josep/Documents/NetBeansProjects/LiveCode/src/Client/ClientPost.java</file>
        </group>
    </open-files>
</project-private>
